From	Entry	Reviewed	Entry Name	Protein names	Gene Names	Organism	Length	Gene Ontology IDs	Gene Ontology (biological process)	Gene Ontology (GO)	Gene Ontology (molecular function)	Gene Ontology (cellular component)	Developmental stage	Induction	Tissue specificity
P55937	P55937	reviewed	GOGA3_MOUSE	Golgin subfamily A member 3 (Golgin-160) (Male-enhanced antigen 2) (MEA-2)	Golga3 Mea2	Mus musculus (Mouse)	1487	GO:0000139; GO:0005793; GO:0007283; GO:0030154; GO:0032580	cell differentiation [GO:0030154]; spermatogenesis [GO:0007283]	endoplasmic reticulum-Golgi intermediate compartment [GO:0005793]; Golgi cisterna membrane [GO:0032580]; Golgi membrane [GO:0000139]; cell differentiation [GO:0030154]; spermatogenesis [GO:0007283]		endoplasmic reticulum-Golgi intermediate compartment [GO:0005793]; Golgi cisterna membrane [GO:0032580]; Golgi membrane [GO:0000139]			TISSUE SPECIFICITY: Highly expressed in testis. Transcripts can be found in spermatids during spermatogenesis. No expression in Leydig cells, spermatogonia or spermatocytes. Detected at low levels in all tissues.
Q8VDC1	Q8VDC1	reviewed	FYCO1_MOUSE	FYVE and coiled-coil domain-containing protein 1	Fyco1	Mus musculus (Mouse)	1437	GO:0005764; GO:0005770; GO:0005776; GO:0005794; GO:0046872; GO:0072383; GO:1901098	plus-end-directed vesicle transport along microtubule [GO:0072383]; positive regulation of autophagosome maturation [GO:1901098]	autophagosome [GO:0005776]; Golgi apparatus [GO:0005794]; late endosome [GO:0005770]; lysosome [GO:0005764]; metal ion binding [GO:0046872]; plus-end-directed vesicle transport along microtubule [GO:0072383]; positive regulation of autophagosome maturation [GO:1901098]	metal ion binding [GO:0046872]	autophagosome [GO:0005776]; Golgi apparatus [GO:0005794]; late endosome [GO:0005770]; lysosome [GO:0005764]			TISSUE SPECIFICITY: Expressed in heart and testis. Expressed in the eye lens. {ECO:0000269|PubMed:12461651, ECO:0000269|PubMed:21636066}.
Q9Z280	Q9Z280	reviewed	PLD1_MOUSE	Phospholipase D1 (PLD 1) (mPLD1) (EC 3.1.4.4) (Choline phosphatase 1) (Phosphatidylcholine-hydrolyzing phospholipase D1)	Pld1	Mus musculus (Mouse)	1074	GO:0000139; GO:0004630; GO:0005768; GO:0005789; GO:0005794; GO:0006654; GO:0008654; GO:0009395; GO:0030027; GO:0030335; GO:0031902; GO:0031982; GO:0031985; GO:0032534; GO:0035091; GO:0035556; GO:0043231; GO:0043434; GO:0045202; GO:0048471; GO:0050830; GO:0060627; GO:0070290	defense response to Gram-positive bacterium [GO:0050830]; intracellular signal transduction [GO:0035556]; phosphatidic acid biosynthetic process [GO:0006654]; phospholipid biosynthetic process [GO:0008654]; phospholipid catabolic process [GO:0009395]; positive regulation of cell migration [GO:0030335]; regulation of microvillus assembly [GO:0032534]; regulation of vesicle-mediated transport [GO:0060627]; response to peptide hormone [GO:0043434]	endoplasmic reticulum membrane [GO:0005789]; endosome [GO:0005768]; Golgi apparatus [GO:0005794]; Golgi cisterna [GO:0031985]; Golgi membrane [GO:0000139]; intracellular membrane-bounded organelle [GO:0043231]; lamellipodium [GO:0030027]; late endosome membrane [GO:0031902]; perinuclear region of cytoplasm [GO:0048471]; synapse [GO:0045202]; vesicle [GO:0031982]; N-acylphosphatidylethanolamine-specific phospholipase D activity [GO:0070290]; phosphatidylinositol binding [GO:0035091]; phospholipase D activity [GO:0004630]; defense response to Gram-positive bacterium [GO:0050830]; intracellular signal transduction [GO:0035556]; phosphatidic acid biosynthetic process [GO:0006654]; phospholipid biosynthetic process [GO:0008654]; phospholipid catabolic process [GO:0009395]; positive regulation of cell migration [GO:0030335]; regulation of microvillus assembly [GO:0032534]; regulation of vesicle-mediated transport [GO:0060627]; response to peptide hormone [GO:0043434]	N-acylphosphatidylethanolamine-specific phospholipase D activity [GO:0070290]; phosphatidylinositol binding [GO:0035091]; phospholipase D activity [GO:0004630]	endoplasmic reticulum membrane [GO:0005789]; endosome [GO:0005768]; Golgi apparatus [GO:0005794]; Golgi cisterna [GO:0031985]; Golgi membrane [GO:0000139]; intracellular membrane-bounded organelle [GO:0043231]; lamellipodium [GO:0030027]; late endosome membrane [GO:0031902]; perinuclear region of cytoplasm [GO:0048471]; synapse [GO:0045202]; vesicle [GO:0031982]	DEVELOPMENTAL STAGE: Expressed most strikingly in selected ventricular cells lining the spinal cord and brain. The level of expression decreases dramatically as the cells differentiate into neurons and migrate to the outer layer of the spinal cord and brain. Expression is observed during development in a restricted region of the nasal neuroepithelium.		TISSUE SPECIFICITY: Expressed in kidney, lung, and at a much lower levels, in brain, liver, heart, testis and spleen.
Q9Y4C4	Q9Y4C4	reviewed	MFHA1_HUMAN	Malignant fibrous histiocytoma-amplified sequence 1 (Malignant fibrous histiocytoma-amplified sequence with leucine-rich tandem repeats 1)	MFHAS1 MASL1	Homo sapiens (Human)	1052	GO:0005525; GO:0005737; GO:0006954; GO:0007165; GO:0030218; GO:0031625; GO:0034121; GO:0034136; GO:0034137; GO:0034144; GO:0035308; GO:0043030; GO:0045087; GO:0046330; GO:0050728; GO:0051721; GO:0051897; GO:0070374; GO:1900181; GO:1900745	erythrocyte differentiation [GO:0030218]; inflammatory response [GO:0006954]; innate immune response [GO:0045087]; negative regulation of inflammatory response [GO:0050728]; negative regulation of protein dephosphorylation [GO:0035308]; negative regulation of protein localization to nucleus [GO:1900181]; negative regulation of toll-like receptor 2 signaling pathway [GO:0034136]; negative regulation of toll-like receptor 4 signaling pathway [GO:0034144]; positive regulation of ERK1 and ERK2 cascade [GO:0070374]; positive regulation of JNK cascade [GO:0046330]; positive regulation of p38MAPK cascade [GO:1900745]; positive regulation of phosphatidylinositol 3-kinase/protein kinase B signal transduction [GO:0051897]; positive regulation of toll-like receptor 2 signaling pathway [GO:0034137]; regulation of macrophage activation [GO:0043030]; regulation of toll-like receptor signaling pathway [GO:0034121]; signal transduction [GO:0007165]	cytoplasm [GO:0005737]; GTP binding [GO:0005525]; protein phosphatase 2A binding [GO:0051721]; ubiquitin protein ligase binding [GO:0031625]; erythrocyte differentiation [GO:0030218]; inflammatory response [GO:0006954]; innate immune response [GO:0045087]; negative regulation of inflammatory response [GO:0050728]; negative regulation of protein dephosphorylation [GO:0035308]; negative regulation of protein localization to nucleus [GO:1900181]; negative regulation of toll-like receptor 2 signaling pathway [GO:0034136]; negative regulation of toll-like receptor 4 signaling pathway [GO:0034144]; positive regulation of ERK1 and ERK2 cascade [GO:0070374]; positive regulation of JNK cascade [GO:0046330]; positive regulation of p38MAPK cascade [GO:1900745]; positive regulation of phosphatidylinositol 3-kinase/protein kinase B signal transduction [GO:0051897]; positive regulation of toll-like receptor 2 signaling pathway [GO:0034137]; regulation of macrophage activation [GO:0043030]; regulation of toll-like receptor signaling pathway [GO:0034121]; signal transduction [GO:0007165]	GTP binding [GO:0005525]; protein phosphatase 2A binding [GO:0051721]; ubiquitin protein ligase binding [GO:0031625]	cytoplasm [GO:0005737]		INDUCTION: Up-regulated during erythroid cells differentiation (at protein level) (PubMed:23327923). Up-regulated upon Toll-like receptor TLR2 stimulation (PubMed:26599367). Up-regulated in macrophages upon M. tuberculosis infection (PubMed:20616063). Up-regulated upon sepsis (PubMed:26599367). Up-regulated by glucose (PubMed:29168081). {ECO:0000269|PubMed:20616063, ECO:0000269|PubMed:23327923, ECO:0000269|PubMed:26599367, ECO:0000269|PubMed:29168081}.	TISSUE SPECIFICITY: Ubiquitously expressed. Overexpressed in malignant fibrous histiocytomas (PubMed:9973190). Expressed in red blood cells (at protein level) (PubMed:23327923). {ECO:0000269|PubMed:23327923, ECO:0000269|PubMed:9973190}.
E9Q3S4	E9Q3S4	reviewed	M3K19_MOUSE	Mitogen-activated protein kinase kinase kinase 19 (EC 2.7.11.1) (SPS1/STE20-related protein kinase YSK4)	Map3k19 Ysk4	Mus musculus (Mouse)	1311	GO:0004672; GO:0004674; GO:0005524; GO:0007165; GO:0106310	signal transduction [GO:0007165]	ATP binding [GO:0005524]; protein kinase activity [GO:0004672]; protein serine kinase activity [GO:0106310]; protein serine/threonine kinase activity [GO:0004674]; signal transduction [GO:0007165]	ATP binding [GO:0005524]; protein kinase activity [GO:0004672]; protein serine kinase activity [GO:0106310]; protein serine/threonine kinase activity [GO:0004674]				
Q8ND82	Q8ND82	reviewed	Z280C_HUMAN	Zinc finger protein 280C (Suppressor of hairy wing homolog 3) (Zinc finger protein 633)	ZNF280C SUHW3 ZNF633	Homo sapiens (Human)	737	GO:0000978; GO:0000981; GO:0005634; GO:0006355; GO:0046872	regulation of DNA-templated transcription [GO:0006355]	nucleus [GO:0005634]; DNA-binding transcription factor activity, RNA polymerase II-specific [GO:0000981]; metal ion binding [GO:0046872]; RNA polymerase II cis-regulatory region sequence-specific DNA binding [GO:0000978]; regulation of DNA-templated transcription [GO:0006355]	DNA-binding transcription factor activity, RNA polymerase II-specific [GO:0000981]; metal ion binding [GO:0046872]; RNA polymerase II cis-regulatory region sequence-specific DNA binding [GO:0000978]	nucleus [GO:0005634]			
Q6P4F7	Q6P4F7	reviewed	RHGBA_HUMAN	Rho GTPase-activating protein 11A (Rho-type GTPase-activating protein 11A)	ARHGAP11A KIAA0013	Homo sapiens (Human)	1023	GO:0005096; GO:0005634; GO:0005829; GO:0007165; GO:0043547; GO:0051056	positive regulation of GTPase activity [GO:0043547]; regulation of small GTPase mediated signal transduction [GO:0051056]; signal transduction [GO:0007165]	cytosol [GO:0005829]; nucleus [GO:0005634]; GTPase activator activity [GO:0005096]; positive regulation of GTPase activity [GO:0043547]; regulation of small GTPase mediated signal transduction [GO:0051056]; signal transduction [GO:0007165]	GTPase activator activity [GO:0005096]	cytosol [GO:0005829]; nucleus [GO:0005634]			
Q9DC61	Q9DC61	reviewed	MPPA_MOUSE	Mitochondrial-processing peptidase subunit alpha (Alpha-MPP) (Inactive zinc metalloprotease alpha) (P-55)	Pmpca Inpp5e	Mus musculus (Mouse)	524	GO:0004175; GO:0004222; GO:0005739; GO:0005743; GO:0005759; GO:0006627; GO:0016485; GO:0046872	protein processing [GO:0016485]; protein processing involved in protein targeting to mitochondrion [GO:0006627]	mitochondrial inner membrane [GO:0005743]; mitochondrial matrix [GO:0005759]; mitochondrion [GO:0005739]; endopeptidase activity [GO:0004175]; metal ion binding [GO:0046872]; metalloendopeptidase activity [GO:0004222]; protein processing [GO:0016485]; protein processing involved in protein targeting to mitochondrion [GO:0006627]	endopeptidase activity [GO:0004175]; metal ion binding [GO:0046872]; metalloendopeptidase activity [GO:0004222]	mitochondrial inner membrane [GO:0005743]; mitochondrial matrix [GO:0005759]; mitochondrion [GO:0005739]			
Q8NEF3	Q8NEF3	reviewed	CC112_HUMAN	Coiled-coil domain-containing protein 112 (Mutated in bladder cancer protein 1)	CCDC112 MBC1	Homo sapiens (Human)	446	GO:0005737; GO:0034451		centriolar satellite [GO:0034451]; cytoplasm [GO:0005737]		centriolar satellite [GO:0034451]; cytoplasm [GO:0005737]			
Q02224	Q02224	reviewed	CENPE_HUMAN	Centromere-associated protein E (Centromere protein E) (CENP-E) (Kinesin-7) (Kinesin-related protein CENPE)	CENPE	Homo sapiens (Human)	2701	GO:0000278; GO:0000775; GO:0000776; GO:0000779; GO:0003777; GO:0005524; GO:0005634; GO:0005694; GO:0005828; GO:0005829; GO:0005874; GO:0007018; GO:0007052; GO:0007059; GO:0007079; GO:0007080; GO:0008017; GO:0015630; GO:0016020; GO:0030071; GO:0030496; GO:0043231; GO:0043515; GO:0045171; GO:0045860; GO:0051233; GO:0051301; GO:0051310; GO:0051315; GO:0051382; GO:0072686; GO:0099606; GO:0099607; GO:1990023	attachment of mitotic spindle microtubules to kinetochore [GO:0051315]; cell division [GO:0051301]; chromosome segregation [GO:0007059]; kinetochore assembly [GO:0051382]; lateral attachment of mitotic spindle microtubules to kinetochore [GO:0099607]; metaphase chromosome alignment [GO:0051310]; microtubule plus-end directed mitotic chromosome migration [GO:0099606]; microtubule-based movement [GO:0007018]; mitotic cell cycle [GO:0000278]; mitotic chromosome movement towards spindle pole [GO:0007079]; mitotic metaphase chromosome alignment [GO:0007080]; mitotic spindle organization [GO:0007052]; positive regulation of protein kinase activity [GO:0045860]; regulation of mitotic metaphase/anaphase transition [GO:0030071]	chromosome [GO:0005694]; chromosome, centromeric region [GO:0000775]; condensed chromosome, centromeric region [GO:0000779]; cytosol [GO:0005829]; intercellular bridge [GO:0045171]; intracellular membrane-bounded organelle [GO:0043231]; kinetochore [GO:0000776]; kinetochore microtubule [GO:0005828]; membrane [GO:0016020]; microtubule [GO:0005874]; microtubule cytoskeleton [GO:0015630]; midbody [GO:0030496]; mitotic spindle [GO:0072686]; mitotic spindle midzone [GO:1990023]; nucleus [GO:0005634]; spindle midzone [GO:0051233]; ATP binding [GO:0005524]; kinetochore binding [GO:0043515]; microtubule binding [GO:0008017]; microtubule motor activity [GO:0003777]; attachment of mitotic spindle microtubules to kinetochore [GO:0051315]; cell division [GO:0051301]; chromosome segregation [GO:0007059]; kinetochore assembly [GO:0051382]; lateral attachment of mitotic spindle microtubules to kinetochore [GO:0099607]; metaphase chromosome alignment [GO:0051310]; microtubule plus-end directed mitotic chromosome migration [GO:0099606]; microtubule-based movement [GO:0007018]; mitotic cell cycle [GO:0000278]; mitotic chromosome movement towards spindle pole [GO:0007079]; mitotic metaphase chromosome alignment [GO:0007080]; mitotic spindle organization [GO:0007052]; positive regulation of protein kinase activity [GO:0045860]; regulation of mitotic metaphase/anaphase transition [GO:0030071]	ATP binding [GO:0005524]; kinetochore binding [GO:0043515]; microtubule binding [GO:0008017]; microtubule motor activity [GO:0003777]	chromosome [GO:0005694]; chromosome, centromeric region [GO:0000775]; condensed chromosome, centromeric region [GO:0000779]; cytosol [GO:0005829]; intercellular bridge [GO:0045171]; intracellular membrane-bounded organelle [GO:0043231]; kinetochore [GO:0000776]; kinetochore microtubule [GO:0005828]; membrane [GO:0016020]; microtubule [GO:0005874]; microtubule cytoskeleton [GO:0015630]; midbody [GO:0030496]; mitotic spindle [GO:0072686]; mitotic spindle midzone [GO:1990023]; nucleus [GO:0005634]; spindle midzone [GO:0051233]			
Q92805	Q92805	reviewed	GOGA1_HUMAN	Golgin subfamily A member 1 (Golgin-97)	GOLGA1	Homo sapiens (Human)	767	GO:0000139; GO:0001669; GO:0005794; GO:0005802; GO:0005829; GO:0048471		acrosomal vesicle [GO:0001669]; cytosol [GO:0005829]; Golgi apparatus [GO:0005794]; Golgi membrane [GO:0000139]; perinuclear region of cytoplasm [GO:0048471]; trans-Golgi network [GO:0005802]		acrosomal vesicle [GO:0001669]; cytosol [GO:0005829]; Golgi apparatus [GO:0005794]; Golgi membrane [GO:0000139]; perinuclear region of cytoplasm [GO:0048471]; trans-Golgi network [GO:0005802]			
Q071E0	Q071E0	reviewed	KT5AA_DANRE	N-lysine methyltransferase KMT5A-A (EC 2.1.1.-) (Histone-lysine N-methyltransferase KMT5A-A) (EC 2.1.1.361) (Lysine-specific methylase 5A-A) (SET domain-containing protein 8-A)	kmt5aa set8a setd8 setd8a zgc:153719	Danio rerio (Zebrafish) (Brachydanio rerio)	344	GO:0005634; GO:0005700; GO:0006357; GO:0009953; GO:0010628; GO:0032259; GO:0042054; GO:0042799; GO:0043516; GO:0051301; GO:0140944	cell division [GO:0051301]; dorsal/ventral pattern formation [GO:0009953]; methylation [GO:0032259]; positive regulation of gene expression [GO:0010628]; regulation of DNA damage response, signal transduction by p53 class mediator [GO:0043516]; regulation of transcription by RNA polymerase II [GO:0006357]	nucleus [GO:0005634]; polytene chromosome [GO:0005700]; histone H4K20 methyltransferase activity [GO:0042799]; histone H4K20 monomethyltransferase activity [GO:0140944]; histone methyltransferase activity [GO:0042054]; cell division [GO:0051301]; dorsal/ventral pattern formation [GO:0009953]; methylation [GO:0032259]; positive regulation of gene expression [GO:0010628]; regulation of DNA damage response, signal transduction by p53 class mediator [GO:0043516]; regulation of transcription by RNA polymerase II [GO:0006357]	histone H4K20 methyltransferase activity [GO:0042799]; histone H4K20 monomethyltransferase activity [GO:0140944]; histone methyltransferase activity [GO:0042054]	nucleus [GO:0005634]; polytene chromosome [GO:0005700]			
Q15643	Q15643	reviewed	TRIPB_HUMAN	Thyroid receptor-interacting protein 11 (TR-interacting protein 11) (TRIP-11) (Clonal evolution-related gene on chromosome 14 protein) (Golgi-associated microtubule-binding protein 210) (GMAP-210) (Trip230)	TRIP11 CEV14	Homo sapiens (Human)	1979	GO:0000139; GO:0002079; GO:0002081; GO:0003281; GO:0003413; GO:0003713; GO:0005793; GO:0005794; GO:0005801; GO:0005856; GO:0006366; GO:0006486; GO:0006888; GO:0007030; GO:0030133; GO:0031267; GO:0033116; GO:0051216; GO:0060122; GO:0071806; GO:0090161; GO:0099041	cartilage development [GO:0051216]; chondrocyte differentiation involved in endochondral bone morphogenesis [GO:0003413]; endoplasmic reticulum to Golgi vesicle-mediated transport [GO:0006888]; Golgi organization [GO:0007030]; Golgi ribbon formation [GO:0090161]; inner ear receptor cell stereocilium organization [GO:0060122]; protein glycosylation [GO:0006486]; protein transmembrane transport [GO:0071806]; transcription by RNA polymerase II [GO:0006366]; ventricular septum development [GO:0003281]; vesicle tethering to Golgi [GO:0099041]	cis-Golgi network [GO:0005801]; cytoskeleton [GO:0005856]; endoplasmic reticulum-Golgi intermediate compartment [GO:0005793]; endoplasmic reticulum-Golgi intermediate compartment membrane [GO:0033116]; Golgi apparatus [GO:0005794]; Golgi membrane [GO:0000139]; inner acrosomal membrane [GO:0002079]; outer acrosomal membrane [GO:0002081]; transport vesicle [GO:0030133]; small GTPase binding [GO:0031267]; transcription coactivator activity [GO:0003713]; cartilage development [GO:0051216]; chondrocyte differentiation involved in endochondral bone morphogenesis [GO:0003413]; endoplasmic reticulum to Golgi vesicle-mediated transport [GO:0006888]; Golgi organization [GO:0007030]; Golgi ribbon formation [GO:0090161]; inner ear receptor cell stereocilium organization [GO:0060122]; protein glycosylation [GO:0006486]; protein transmembrane transport [GO:0071806]; transcription by RNA polymerase II [GO:0006366]; ventricular septum development [GO:0003281]; vesicle tethering to Golgi [GO:0099041]	small GTPase binding [GO:0031267]; transcription coactivator activity [GO:0003713]	cis-Golgi network [GO:0005801]; cytoskeleton [GO:0005856]; endoplasmic reticulum-Golgi intermediate compartment [GO:0005793]; endoplasmic reticulum-Golgi intermediate compartment membrane [GO:0033116]; Golgi apparatus [GO:0005794]; Golgi membrane [GO:0000139]; inner acrosomal membrane [GO:0002079]; outer acrosomal membrane [GO:0002081]; transport vesicle [GO:0030133]			TISSUE SPECIFICITY: Highly expressed in pancreas, muscle, heart, testis, peripheral blood leukocytes, and in several leukemia cell lines. Detected at intermediate levels in placenta and kidney, and at low levels in brain and lung. Isoform 1 and isoform 2 are expressed in articular chondrocytes (PubMed:30728324). {ECO:0000269|PubMed:10189370, ECO:0000269|PubMed:30728324, ECO:0000269|PubMed:9373237}.
Q9VRP9	Q9VRP9	reviewed	BRE1_DROME	E3 ubiquitin-protein ligase Bre1 (EC 2.3.2.27) (RING-type E3 ubiquitin transferase Bre1) (dBre1)	Bre1 CG10542	Drosophila melanogaster (Fruit fly)	1044	GO:0000785; GO:0005634; GO:0006325; GO:0006513; GO:0007219; GO:0008270; GO:0031452; GO:0033503; GO:0045893; GO:0061630	chromatin organization [GO:0006325]; negative regulation of heterochromatin formation [GO:0031452]; Notch signaling pathway [GO:0007219]; positive regulation of DNA-templated transcription [GO:0045893]; protein monoubiquitination [GO:0006513]	chromatin [GO:0000785]; HULC complex [GO:0033503]; nucleus [GO:0005634]; ubiquitin protein ligase activity [GO:0061630]; zinc ion binding [GO:0008270]; chromatin organization [GO:0006325]; negative regulation of heterochromatin formation [GO:0031452]; Notch signaling pathway [GO:0007219]; positive regulation of DNA-templated transcription [GO:0045893]; protein monoubiquitination [GO:0006513]	ubiquitin protein ligase activity [GO:0061630]; zinc ion binding [GO:0008270]	chromatin [GO:0000785]; HULC complex [GO:0033503]; nucleus [GO:0005634]			
Q867C9	Q867C9	reviewed	PFKAM_HORSE	ATP-dependent 6-phosphofructokinase, muscle type (ATP-PFK) (PFK-M) (EC 2.7.1.11) (6-phosphofructokinase type A) (Phosphofructo-1-kinase isozyme A) (PFK-A) (Phosphohexokinase)	PFKM	Equus caballus (Horse)	780	GO:0003872; GO:0005524; GO:0005945; GO:0006002; GO:0016020; GO:0016208; GO:0030388; GO:0042802; GO:0046872; GO:0048029; GO:0061621; GO:0070095	canonical glycolysis [GO:0061621]; fructose 1,6-bisphosphate metabolic process [GO:0030388]; fructose 6-phosphate metabolic process [GO:0006002]	6-phosphofructokinase complex [GO:0005945]; membrane [GO:0016020]; 6-phosphofructokinase activity [GO:0003872]; AMP binding [GO:0016208]; ATP binding [GO:0005524]; fructose-6-phosphate binding [GO:0070095]; identical protein binding [GO:0042802]; metal ion binding [GO:0046872]; monosaccharide binding [GO:0048029]; canonical glycolysis [GO:0061621]; fructose 1,6-bisphosphate metabolic process [GO:0030388]; fructose 6-phosphate metabolic process [GO:0006002]	6-phosphofructokinase activity [GO:0003872]; AMP binding [GO:0016208]; ATP binding [GO:0005524]; fructose-6-phosphate binding [GO:0070095]; identical protein binding [GO:0042802]; metal ion binding [GO:0046872]; monosaccharide binding [GO:0048029]	6-phosphofructokinase complex [GO:0005945]; membrane [GO:0016020]			
O43303	O43303	reviewed	CP110_HUMAN	Centriolar coiled-coil protein of 110 kDa (Centrosomal protein of 110 kDa) (CP110) (Cep110)	CCP110 CEP110 CP110 KIAA0419	Homo sapiens (Human)	1012	GO:0005813; GO:0005814; GO:0005829; GO:0005929; GO:0007099; GO:0032053; GO:0032465; GO:0032991; GO:0045724; GO:0051298; GO:1902018; GO:1903723	centriole replication [GO:0007099]; centrosome duplication [GO:0051298]; ciliary basal body organization [GO:0032053]; negative regulation of centriole elongation [GO:1903723]; negative regulation of cilium assembly [GO:1902018]; positive regulation of cilium assembly [GO:0045724]; regulation of cytokinesis [GO:0032465]	centriole [GO:0005814]; centrosome [GO:0005813]; cilium [GO:0005929]; cytosol [GO:0005829]; protein-containing complex [GO:0032991]; centriole replication [GO:0007099]; centrosome duplication [GO:0051298]; ciliary basal body organization [GO:0032053]; negative regulation of centriole elongation [GO:1903723]; negative regulation of cilium assembly [GO:1902018]; positive regulation of cilium assembly [GO:0045724]; regulation of cytokinesis [GO:0032465]		centriole [GO:0005814]; centrosome [GO:0005813]; cilium [GO:0005929]; cytosol [GO:0005829]; protein-containing complex [GO:0032991]		INDUCTION: Up-regulated during the transition from G1 to S phase of the cell cycle. The highest levels are observed in S phase, after which the levels decrease markedly. {ECO:0000269|PubMed:12361598}.	TISSUE SPECIFICITY: Highly expressed in testis. Detected at intermediate levels in spleen, thymus, prostate, small intestine, colon and peripheral blood leukocytes. {ECO:0000269|PubMed:12361598}.
P83941	P83941	reviewed	ELOC_RAT	Elongin-C (EloC) (Elongin 15 kDa subunit) (RNA polymerase II transcription factor SIII subunit C) (SIII p15) (Stromal membrane-associated protein SMAP1B homolog) (Transcription elongation factor B polypeptide 1)	Eloc Tceb1	Rattus norvegicus (Rat)	112	GO:0001222; GO:0006367; GO:0006511; GO:0016567; GO:0030674; GO:0030891; GO:0031466; GO:0032968; GO:0044877; GO:0070449; GO:0140958	positive regulation of transcription elongation by RNA polymerase II [GO:0032968]; protein ubiquitination [GO:0016567]; target-directed miRNA degradation [GO:0140958]; transcription initiation at RNA polymerase II promoter [GO:0006367]; ubiquitin-dependent protein catabolic process [GO:0006511]	Cul5-RING ubiquitin ligase complex [GO:0031466]; elongin complex [GO:0070449]; VCB complex [GO:0030891]; protein-containing complex binding [GO:0044877]; protein-macromolecule adaptor activity [GO:0030674]; transcription corepressor binding [GO:0001222]; positive regulation of transcription elongation by RNA polymerase II [GO:0032968]; protein ubiquitination [GO:0016567]; target-directed miRNA degradation [GO:0140958]; transcription initiation at RNA polymerase II promoter [GO:0006367]; ubiquitin-dependent protein catabolic process [GO:0006511]	protein-containing complex binding [GO:0044877]; protein-macromolecule adaptor activity [GO:0030674]; transcription corepressor binding [GO:0001222]	Cul5-RING ubiquitin ligase complex [GO:0031466]; elongin complex [GO:0070449]; VCB complex [GO:0030891]			
Q9C0G0	Q9C0G0	reviewed	ZN407_HUMAN	Zinc finger protein 407	ZNF407 KIAA1703	Homo sapiens (Human)	2248	GO:0003677; GO:0005634; GO:0008270; GO:0045944	positive regulation of transcription by RNA polymerase II [GO:0045944]	nucleus [GO:0005634]; DNA binding [GO:0003677]; zinc ion binding [GO:0008270]; positive regulation of transcription by RNA polymerase II [GO:0045944]	DNA binding [GO:0003677]; zinc ion binding [GO:0008270]	nucleus [GO:0005634]			
Q8WYH8	Q8WYH8	reviewed	ING5_HUMAN	Inhibitor of growth protein 5 (p28ING5)	ING5	Homo sapiens (Human)	240	GO:0000123; GO:0001558; GO:0003682; GO:0005634; GO:0005654; GO:0006275; GO:0006355; GO:0006473; GO:0008285; GO:0035064; GO:0043065; GO:0045926; GO:0046872; GO:0048144; GO:0048147; GO:0050793; GO:0051726; GO:0070776; GO:0097190; GO:0140889; GO:1903706; GO:2000278; GO:2001235	apoptotic signaling pathway [GO:0097190]; DNA replication-dependent chromatin disassembly [GO:0140889]; fibroblast proliferation [GO:0048144]; negative regulation of cell population proliferation [GO:0008285]; negative regulation of fibroblast proliferation [GO:0048147]; negative regulation of growth [GO:0045926]; positive regulation of apoptotic process [GO:0043065]; positive regulation of apoptotic signaling pathway [GO:2001235]; protein acetylation [GO:0006473]; regulation of cell cycle [GO:0051726]; regulation of cell growth [GO:0001558]; regulation of developmental process [GO:0050793]; regulation of DNA biosynthetic process [GO:2000278]; regulation of DNA replication [GO:0006275]; regulation of DNA-templated transcription [GO:0006355]; regulation of hemopoiesis [GO:1903706]	histone acetyltransferase complex [GO:0000123]; MOZ/MORF histone acetyltransferase complex [GO:0070776]; nucleoplasm [GO:0005654]; nucleus [GO:0005634]; chromatin binding [GO:0003682]; metal ion binding [GO:0046872]; methylated histone binding [GO:0035064]; apoptotic signaling pathway [GO:0097190]; DNA replication-dependent chromatin disassembly [GO:0140889]; fibroblast proliferation [GO:0048144]; negative regulation of cell population proliferation [GO:0008285]; negative regulation of fibroblast proliferation [GO:0048147]; negative regulation of growth [GO:0045926]; positive regulation of apoptotic process [GO:0043065]; positive regulation of apoptotic signaling pathway [GO:2001235]; protein acetylation [GO:0006473]; regulation of cell cycle [GO:0051726]; regulation of cell growth [GO:0001558]; regulation of developmental process [GO:0050793]; regulation of DNA biosynthetic process [GO:2000278]; regulation of DNA replication [GO:0006275]; regulation of DNA-templated transcription [GO:0006355]; regulation of hemopoiesis [GO:1903706]	chromatin binding [GO:0003682]; metal ion binding [GO:0046872]; methylated histone binding [GO:0035064]	histone acetyltransferase complex [GO:0000123]; MOZ/MORF histone acetyltransferase complex [GO:0070776]; nucleoplasm [GO:0005654]; nucleus [GO:0005634]			TISSUE SPECIFICITY: Down-regulated in bone marrow cells in acute myeloid leukemia patients as compared with normal bone marrow cells. {ECO:0000269|PubMed:21750715}.
A2T736	A2T736	reviewed	ZKSC8_PANTR	Zinc finger protein with KRAB and SCAN domains 8 (Zinc finger protein 192)	ZKSCAN8 ZNF192	Pan troglodytes (Chimpanzee)	578	GO:0000978; GO:0000981; GO:0005634; GO:0006357; GO:0046872	regulation of transcription by RNA polymerase II [GO:0006357]	nucleus [GO:0005634]; DNA-binding transcription factor activity, RNA polymerase II-specific [GO:0000981]; metal ion binding [GO:0046872]; RNA polymerase II cis-regulatory region sequence-specific DNA binding [GO:0000978]; regulation of transcription by RNA polymerase II [GO:0006357]	DNA-binding transcription factor activity, RNA polymerase II-specific [GO:0000981]; metal ion binding [GO:0046872]; RNA polymerase II cis-regulatory region sequence-specific DNA binding [GO:0000978]	nucleus [GO:0005634]			
Q2T9W9	Q2T9W9	reviewed	CAAP1_BOVIN	Caspase activity and apoptosis inhibitor 1 (Conserved anti-apoptotic protein) (CAAP)	CAAP1 CAAP	Bos taurus (Bovine)	362	GO:0006915; GO:2001268	apoptotic process [GO:0006915]; negative regulation of cysteine-type endopeptidase activity involved in apoptotic signaling pathway [GO:2001268]	apoptotic process [GO:0006915]; negative regulation of cysteine-type endopeptidase activity involved in apoptotic signaling pathway [GO:2001268]					
Q3KR53	Q3KR53	reviewed	GPBL1_RAT	Vasculin-like protein 1 (GC-rich promoter-binding protein 1-like 1)	Gpbp1l1	Rattus norvegicus (Rat)	475	GO:0003677; GO:0003723; GO:0005634; GO:0006351; GO:0006355; GO:0045893	DNA-templated transcription [GO:0006351]; positive regulation of DNA-templated transcription [GO:0045893]; regulation of DNA-templated transcription [GO:0006355]	nucleus [GO:0005634]; DNA binding [GO:0003677]; RNA binding [GO:0003723]; DNA-templated transcription [GO:0006351]; positive regulation of DNA-templated transcription [GO:0045893]; regulation of DNA-templated transcription [GO:0006355]	DNA binding [GO:0003677]; RNA binding [GO:0003723]	nucleus [GO:0005634]			
Q9H0J4	Q9H0J4	reviewed	QRIC2_HUMAN	Glutamine-rich protein 2	QRICH2	Homo sapiens (Human)	1663	GO:0005737; GO:0030031; GO:0030317; GO:0031965; GO:0036126; GO:2000059	cell projection assembly [GO:0030031]; flagellated sperm motility [GO:0030317]; negative regulation of ubiquitin-dependent protein catabolic process [GO:2000059]	cytoplasm [GO:0005737]; nuclear membrane [GO:0031965]; sperm flagellum [GO:0036126]; cell projection assembly [GO:0030031]; flagellated sperm motility [GO:0030317]; negative regulation of ubiquitin-dependent protein catabolic process [GO:2000059]		cytoplasm [GO:0005737]; nuclear membrane [GO:0031965]; sperm flagellum [GO:0036126]			TISSUE SPECIFICITY: Expressed in the sperm. {ECO:0000269|PubMed:30683861}.
Q8R0F5	Q8R0F5	reviewed	RBMX2_MOUSE	RNA-binding motif protein, X-linked 2	Rbmx2	Mus musculus (Mouse)	326	GO:0000398; GO:0003723; GO:0005634; GO:0005686; GO:0005730; GO:0005783; GO:0031965; GO:0071005; GO:0071011	mRNA splicing, via spliceosome [GO:0000398]	endoplasmic reticulum [GO:0005783]; nuclear membrane [GO:0031965]; nucleolus [GO:0005730]; nucleus [GO:0005634]; precatalytic spliceosome [GO:0071011]; U2 snRNP [GO:0005686]; U2-type precatalytic spliceosome [GO:0071005]; RNA binding [GO:0003723]; mRNA splicing, via spliceosome [GO:0000398]	RNA binding [GO:0003723]	endoplasmic reticulum [GO:0005783]; nuclear membrane [GO:0031965]; nucleolus [GO:0005730]; nucleus [GO:0005634]; precatalytic spliceosome [GO:0071011]; U2 snRNP [GO:0005686]; U2-type precatalytic spliceosome [GO:0071005]			
Q5C9Z4	Q5C9Z4	reviewed	NOM1_HUMAN	Nucleolar MIF4G domain-containing protein 1 (SGD1 homolog)	NOM1 C7orf3	Homo sapiens (Human)	860	GO:0003723; GO:0005730; GO:0042274; GO:0048820	hair follicle maturation [GO:0048820]; ribosomal small subunit biogenesis [GO:0042274]	nucleolus [GO:0005730]; RNA binding [GO:0003723]; hair follicle maturation [GO:0048820]; ribosomal small subunit biogenesis [GO:0042274]	RNA binding [GO:0003723]	nucleolus [GO:0005730]			TISSUE SPECIFICITY: Expressed in heart and skeletal muscle. {ECO:0000269|PubMed:10329000}.
D3ZQL6	D3ZQL6	reviewed	MILK1_RAT	MICAL-like protein 1	Micall1	Rattus norvegicus (Rat)	855	GO:0005770; GO:0006612; GO:0006897; GO:0006898; GO:0010008; GO:0010009; GO:0015031; GO:0031175; GO:0031267; GO:0031902; GO:0032456; GO:0032458; GO:0036010; GO:0042802; GO:0046872; GO:0055038; GO:0070300; GO:0097320; GO:1990090	cellular response to nerve growth factor stimulus [GO:1990090]; endocytic recycling [GO:0032456]; endocytosis [GO:0006897]; neuron projection development [GO:0031175]; plasma membrane tubulation [GO:0097320]; protein localization to endosome [GO:0036010]; protein targeting to membrane [GO:0006612]; protein transport [GO:0015031]; receptor-mediated endocytosis [GO:0006898]; slow endocytic recycling [GO:0032458]	cytoplasmic side of endosome membrane [GO:0010009]; endosome membrane [GO:0010008]; late endosome [GO:0005770]; late endosome membrane [GO:0031902]; recycling endosome membrane [GO:0055038]; identical protein binding [GO:0042802]; metal ion binding [GO:0046872]; phosphatidic acid binding [GO:0070300]; small GTPase binding [GO:0031267]; cellular response to nerve growth factor stimulus [GO:1990090]; endocytic recycling [GO:0032456]; endocytosis [GO:0006897]; neuron projection development [GO:0031175]; plasma membrane tubulation [GO:0097320]; protein localization to endosome [GO:0036010]; protein targeting to membrane [GO:0006612]; protein transport [GO:0015031]; receptor-mediated endocytosis [GO:0006898]; slow endocytic recycling [GO:0032458]	identical protein binding [GO:0042802]; metal ion binding [GO:0046872]; phosphatidic acid binding [GO:0070300]; small GTPase binding [GO:0031267]	cytoplasmic side of endosome membrane [GO:0010009]; endosome membrane [GO:0010008]; late endosome [GO:0005770]; late endosome membrane [GO:0031902]; recycling endosome membrane [GO:0055038]			
Q9C0D7	Q9C0D7	reviewed	ZC12C_HUMAN	Probable ribonuclease ZC3H12C (EC 3.1.-.-) (MCP-induced protein 3) (Zinc finger CCCH domain-containing protein 12C)	ZC3H12C KIAA1726 MCPIP3	Homo sapiens (Human)	883	GO:0003729; GO:0004521; GO:0005634; GO:0036464; GO:0046872		cytoplasmic ribonucleoprotein granule [GO:0036464]; nucleus [GO:0005634]; metal ion binding [GO:0046872]; mRNA binding [GO:0003729]; RNA endonuclease activity [GO:0004521]	metal ion binding [GO:0046872]; mRNA binding [GO:0003729]; RNA endonuclease activity [GO:0004521]	cytoplasmic ribonucleoprotein granule [GO:0036464]; nucleus [GO:0005634]		INDUCTION: By cytokines (TNF-alpha and interleukin-1) in acute monocytic leukemia cell line THP-1 cells. {ECO:0000269|PubMed:18178554}.	
Q86VS8	Q86VS8	reviewed	HOOK3_HUMAN	Protein Hook homolog 3 (h-hook3) (hHK3)	HOOK3	Homo sapiens (Human)	718	GO:0000242; GO:0005737; GO:0005801; GO:0005813; GO:0005874; GO:0007032; GO:0007040; GO:0008017; GO:0008333; GO:0015031; GO:0022027; GO:0030705; GO:0031122; GO:0034451; GO:0034452; GO:0034454; GO:0042802; GO:0045022; GO:0045503; GO:0045505; GO:0050768; GO:0051645; GO:0051959; GO:0070695; GO:0071539; GO:0097150; GO:1905719	cytoplasmic microtubule organization [GO:0031122]; cytoskeleton-dependent intracellular transport [GO:0030705]; early endosome to late endosome transport [GO:0045022]; endosome organization [GO:0007032]; endosome to lysosome transport [GO:0008333]; Golgi localization [GO:0051645]; interkinetic nuclear migration [GO:0022027]; lysosome organization [GO:0007040]; microtubule anchoring at centrosome [GO:0034454]; negative regulation of neurogenesis [GO:0050768]; neuronal stem cell population maintenance [GO:0097150]; protein localization to centrosome [GO:0071539]; protein localization to perinuclear region of cytoplasm [GO:1905719]; protein transport [GO:0015031]	centriolar satellite [GO:0034451]; centrosome [GO:0005813]; cis-Golgi network [GO:0005801]; cytoplasm [GO:0005737]; FHF complex [GO:0070695]; microtubule [GO:0005874]; pericentriolar material [GO:0000242]; dynactin binding [GO:0034452]; dynein intermediate chain binding [GO:0045505]; dynein light chain binding [GO:0045503]; dynein light intermediate chain binding [GO:0051959]; identical protein binding [GO:0042802]; microtubule binding [GO:0008017]; cytoplasmic microtubule organization [GO:0031122]; cytoskeleton-dependent intracellular transport [GO:0030705]; early endosome to late endosome transport [GO:0045022]; endosome organization [GO:0007032]; endosome to lysosome transport [GO:0008333]; Golgi localization [GO:0051645]; interkinetic nuclear migration [GO:0022027]; lysosome organization [GO:0007040]; microtubule anchoring at centrosome [GO:0034454]; negative regulation of neurogenesis [GO:0050768]; neuronal stem cell population maintenance [GO:0097150]; protein localization to centrosome [GO:0071539]; protein localization to perinuclear region of cytoplasm [GO:1905719]; protein transport [GO:0015031]	dynactin binding [GO:0034452]; dynein intermediate chain binding [GO:0045505]; dynein light chain binding [GO:0045503]; dynein light intermediate chain binding [GO:0051959]; identical protein binding [GO:0042802]; microtubule binding [GO:0008017]	centriolar satellite [GO:0034451]; centrosome [GO:0005813]; cis-Golgi network [GO:0005801]; cytoplasm [GO:0005737]; FHF complex [GO:0070695]; microtubule [GO:0005874]; pericentriolar material [GO:0000242]			
Q647I9	Q647I9	reviewed	NALP5_BOVIN	NACHT, LRR and PYD domains-containing protein 5 (Mater protein homolog)	NLRP5 MATER NALP5	Bos taurus (Bovine)	1098	GO:0005524; GO:0005634; GO:0005730; GO:0005737; GO:0005739; GO:0005794; GO:0005829; GO:0005938; GO:0006887; GO:0007015; GO:0032879; GO:0040019; GO:0042585; GO:0048471; GO:0050727; GO:0051293; GO:0051302; GO:0051656; GO:0060471; GO:0060473; GO:0106333	actin filament organization [GO:0007015]; cortical granule exocytosis [GO:0060471]; establishment of organelle localization [GO:0051656]; establishment of spindle localization [GO:0051293]; exocytosis [GO:0006887]; positive regulation of embryonic development [GO:0040019]; regulation of cell division [GO:0051302]; regulation of inflammatory response [GO:0050727]; regulation of localization [GO:0032879]	cell cortex [GO:0005938]; cortical granule [GO:0060473]; cytoplasm [GO:0005737]; cytosol [GO:0005829]; germinal vesicle [GO:0042585]; Golgi apparatus [GO:0005794]; mitochondrion [GO:0005739]; nucleolus [GO:0005730]; nucleus [GO:0005634]; perinuclear region of cytoplasm [GO:0048471]; subcortical maternal complex [GO:0106333]; ATP binding [GO:0005524]; actin filament organization [GO:0007015]; cortical granule exocytosis [GO:0060471]; establishment of organelle localization [GO:0051656]; establishment of spindle localization [GO:0051293]; exocytosis [GO:0006887]; positive regulation of embryonic development [GO:0040019]; regulation of cell division [GO:0051302]; regulation of inflammatory response [GO:0050727]; regulation of localization [GO:0032879]	ATP binding [GO:0005524]	cell cortex [GO:0005938]; cortical granule [GO:0060473]; cytoplasm [GO:0005737]; cytosol [GO:0005829]; germinal vesicle [GO:0042585]; Golgi apparatus [GO:0005794]; mitochondrion [GO:0005739]; nucleolus [GO:0005730]; nucleus [GO:0005634]; perinuclear region of cytoplasm [GO:0048471]; subcortical maternal complex [GO:0106333]			TISSUE SPECIFICITY: Oocyte-specific. {ECO:0000269|PubMed:15189828, ECO:0000269|PubMed:16339045}.
Q6ZMV7	Q6ZMV7	reviewed	LEKR1_HUMAN	Protein LEKR1	LEKR1	Homo sapiens (Human)	132								
B2GV17	B2GV17	reviewed	CBPC5_RAT	Cytosolic carboxypeptidase-like protein 5 (EC 3.4.17.-) (EC 3.4.17.24) (ATP/GTP-binding protein-like 5) (Protein deglutamylase CCP5)	Agbl5 Ccp5	Rattus norvegicus (Rat)	832	GO:0004181; GO:0005634; GO:0005829; GO:0006508; GO:0008270; GO:0015631; GO:0030496; GO:0035608; GO:0035609; GO:0035610; GO:0035611; GO:0051607; GO:0072686	C-terminal protein deglutamylation [GO:0035609]; defense response to virus [GO:0051607]; protein branching point deglutamylation [GO:0035611]; protein deglutamylation [GO:0035608]; protein side chain deglutamylation [GO:0035610]; proteolysis [GO:0006508]	cytosol [GO:0005829]; midbody [GO:0030496]; mitotic spindle [GO:0072686]; nucleus [GO:0005634]; metallocarboxypeptidase activity [GO:0004181]; tubulin binding [GO:0015631]; zinc ion binding [GO:0008270]; C-terminal protein deglutamylation [GO:0035609]; defense response to virus [GO:0051607]; protein branching point deglutamylation [GO:0035611]; protein deglutamylation [GO:0035608]; protein side chain deglutamylation [GO:0035610]; proteolysis [GO:0006508]	metallocarboxypeptidase activity [GO:0004181]; tubulin binding [GO:0015631]; zinc ion binding [GO:0008270]	cytosol [GO:0005829]; midbody [GO:0030496]; mitotic spindle [GO:0072686]; nucleus [GO:0005634]			
Q5BJE1	Q5BJE1	reviewed	CC178_HUMAN	Coiled-coil domain-containing protein 178	CCDC178 C18orf34	Homo sapiens (Human)	867	GO:0036064		ciliary basal body [GO:0036064]		ciliary basal body [GO:0036064]			
Q5VT06	Q5VT06	reviewed	CE350_HUMAN	Centrosome-associated protein 350 (Cep350) (Centrosome-associated protein of 350 kDa)	CEP350 CAP350 KIAA0480 GM133	Homo sapiens (Human)	3117	GO:0005634; GO:0005737; GO:0005813; GO:0005814; GO:0005819; GO:0008017; GO:0016020; GO:0034453; GO:0042995; GO:0071539; GO:1905515	microtubule anchoring [GO:0034453]; non-motile cilium assembly [GO:1905515]; protein localization to centrosome [GO:0071539]	cell projection [GO:0042995]; centriole [GO:0005814]; centrosome [GO:0005813]; cytoplasm [GO:0005737]; membrane [GO:0016020]; nucleus [GO:0005634]; spindle [GO:0005819]; microtubule binding [GO:0008017]; microtubule anchoring [GO:0034453]; non-motile cilium assembly [GO:1905515]; protein localization to centrosome [GO:0071539]	microtubule binding [GO:0008017]	cell projection [GO:0042995]; centriole [GO:0005814]; centrosome [GO:0005813]; cytoplasm [GO:0005737]; membrane [GO:0016020]; nucleus [GO:0005634]; spindle [GO:0005819]			TISSUE SPECIFICITY: Detected in heart, brain, skeletal muscle, testis, placenta, lung, liver, kidney and pancreas. {ECO:0000269|PubMed:11891061, ECO:0000269|PubMed:15615782}.
